<?xml version="1.0" encoding="UTF-8"?>
<project-private xmlns="http://www.netbeans.org/ns/project-private/1">
    <editor-bookmarks xmlns="http://www.netbeans.org/ns/editor-bookmarks/2" lastBookmarkId="0"/>
    <open-files xmlns="http://www.netbeans.org/ns/projectui-open-files/2">
        <group>
            <file>file:/Users/rodrigo/GitHub/FocaVest/FocaInvest%20v0.1-T01/FocaInvest%20v0.1-T01-war/web/Establishment/test.jsp</file>
            <file>file:/Users/rodrigo/GitHub/FocaVest/FocaInvest%20v0.1-T01/FocaInvest%20v0.1-T01-war/web/WEB-INF/web.xml</file>
            <file>file:/Users/rodrigo/GitHub/FocaVest/FocaInvest%20v0.1-T01/FocaInvest%20v0.1-T01-war/web/Establishment/listaCliente.jsp</file>
            <file>file:/Users/rodrigo/GitHub/FocaVest/FocaInvest%20v0.1-T01/FocaInvest%20v0.1-T01-war/src/java/br/unicamp/ft/controller/SearchListBarServlet.java</file>
            <file>file:/Users/rodrigo/GitHub/FocaVest/FocaInvest%20v0.1-T01/FocaInvest%20v0.1-T01-war/src/java/br/unicamp/ft/controller/LoginServlet.java</file>
        </group>
    </open-files>
</project-private>
