<?xml version="1.0" encoding="UTF-8"?>
<!DOCTYPE hibernate-configuration PUBLIC "-//Hibernate/Hibernate Configuration DTD 3.0//EN" "http://hibernate.sourceforge.net/hibernate-configuration-3.0.dtd">
<hibernate-configuration>
  <session-factory>
    <property name="hibernate.connection.driver_class">org.postgresql.Driver</property>
    <property name="hibernate.connection.url">jdbc:postgresql://localhost:5432/EuVou</property>
    <property name="hibernate.connection.password">focavest</property>
    <property name="hibernate.connection.username">postgres</property>
    <property name="hibernate.dialect">org.hibernate.dialect.PostgreSQLDialect</property>
    <property name="show_sql">true</property>
    <property name="hbm2ddl.auto">update</property>
    <property name="hibernate.current_session_context_class">thread</property>
    <mapping class="br.unicamp.ft.transferobjects.TestTO"/>
    <mapping class="br.unicamp.ft.transferobjects.EstabelecimentoTO"/>
    <mapping class="br.unicamp.ft.transferobjects.PremiacaoTO"/>
    <mapping class="br.unicamp.ft.transferobjects.ConsumidorTO"/>
    <mapping class="br.unicamp.ft.transferobjects.EventoTO"/>
  </session-factory>
</hibernate-configuration>
